название;цена;ссылка
  Самокат трюковой с 2-мя пегами цвет нео хром  ;7000₽;https://www.avito.ru/moskva/tovary_dlya_detey_i_igrushki?cd=1/moskva/tovary_dlya_detey_i_igrushki/samokat_tryukovoy_s_2-mya_pegami_tsvet_neo_hrom_1810644708
  Электромобиль  ;12950₽;https://www.avito.ru/moskva/tovary_dlya_detey_i_igrushki?cd=1/moskva/tovary_dlya_detey_i_igrushki/elektromobil_1778313661
  Прогулочная коляска Gesslein F4 Air  ;19000₽;https://www.avito.ru/moskva/tovary_dlya_detey_i_igrushki?cd=1/moskva/tovary_dlya_detey_i_igrushki/progulochnaya_kolyaska_gesslein_f4_air_1668251562
  Коляска Teutonia Bliss  ;20000₽;https://www.avito.ru/moskva/tovary_dlya_detey_i_igrushki?cd=1/moskva/tovary_dlya_detey_i_igrushki/kolyaska_teutonia_bliss_1792908916
  Отдам детское пюре  ;Бесплатно;https://www.avito.ru/moskva/tovary_dlya_detey_i_igrushki?cd=1/moskva/tovary_dlya_detey_i_igrushki/otdam_detskoe_pyure_1851614499
  Avent philips  ;Бесплатно;https://www.avito.ru/moskva/tovary_dlya_detey_i_igrushki?cd=1/moskva/tovary_dlya_detey_i_igrushki/avent_philips_1823948753
  Кисломолочная смесь 2  ;2₽;https://www.avito.ru/moskva/tovary_dlya_detey_i_igrushki?cd=1/moskva/tovary_dlya_detey_i_igrushki/kislomolochnaya_smes_2_1806514172
  Продаю коляску Smart kids 2 в 1(почти новая)  ;37900₽;https://www.avito.ru/moskva/tovary_dlya_detey_i_igrushki?cd=1/moskva/tovary_dlya_detey_i_igrushki/prodayu_kolyasku_smart_kids_2_v_1pochti_novaya_1801070784
  Робот Lego Star Wars  ;4000₽;https://www.avito.ru/moskva/tovary_dlya_detey_i_igrushki?cd=1/moskva/tovary_dlya_detey_i_igrushki/robot_lego_star_wars_745132803
  Манеж happy baby 60x120  ;10990₽;https://www.avito.ru/moskva/tovary_dlya_detey_i_igrushki?cd=1/moskva/tovary_dlya_detey_i_igrushki/manezh_happy_baby_60x120_1843331711
  LOL Hairspray  ;8500₽;https://www.avito.ru/moskva/tovary_dlya_detey_i_igrushki?cd=1/moskva/tovary_dlya_detey_i_igrushki/lol_hairspray_1837992323
  Смесь малютка 2  ;2500₽;https://www.avito.ru/moskva/tovary_dlya_detey_i_igrushki?cd=1/moskva/tovary_dlya_detey_i_igrushki/smes_malyutka_2_1847450210
  Конюшня lori  ;2000₽;https://www.avito.ru/moskva/tovary_dlya_detey_i_igrushki?cd=1/moskva/tovary_dlya_detey_i_igrushki/konyushnya_lori_1843938018
  Продаю коляску Quinny Zapp  ;10₽;https://www.avito.ru/moskva/tovary_dlya_detey_i_igrushki?cd=1/moskva/tovary_dlya_detey_i_igrushki/prodayu_kolyasku_quinny_zapp_1098558082
  Детские качели swing tako 2  ;5999₽;https://www.avito.ru/moskva/tovary_dlya_detey_i_igrushki?cd=1/moskva/tovary_dlya_detey_i_igrushki/detskie_kacheli_swing_tako_2_1827478381
  Пароварка-блендер 2в1 Philips avent  ;4950₽;https://www.avito.ru/moskva/tovary_dlya_detey_i_igrushki?cd=1/moskva/tovary_dlya_detey_i_igrushki/parovarka-blender_2v1_philips_avent_1837472885
  Коляска 3 в 1 Peg Perego  ;1900₽;https://www.avito.ru/moskva/tovary_dlya_detey_i_igrushki?cd=1/moskva/tovary_dlya_detey_i_igrushki/kolyaska_3_v_1_peg_perego_1790121415
  Точилки Faber Castell  ;100₽;https://www.avito.ru/moskva/tovary_dlya_detey_i_igrushki?cd=1/moskva/tovary_dlya_detey_i_igrushki/tochilki_faber_castell_1521532483
  Горшок BabyBjorn  ;3000₽;https://www.avito.ru/moskva/tovary_dlya_detey_i_igrushki?cd=1/moskva/tovary_dlya_detey_i_igrushki/gorshok_babybjorn_1831617739
  Продам автокресло от 0  ;3500₽;https://www.avito.ru/moskva/tovary_dlya_detey_i_igrushki?cd=1/moskva/tovary_dlya_detey_i_igrushki/prodam_avtokreslo_ot_0_1667078343
  Автомобильное кресло Emily  ;1200₽;https://www.avito.ru/moskva/tovary_dlya_detey_i_igrushki?cd=1/moskva/tovary_dlya_detey_i_igrushki/avtomobilnoe_kreslo_emily_1849707034
  Ходунки каталка сортер  ;6000₽;https://www.avito.ru/moskva/tovary_dlya_detey_i_igrushki?cd=1/moskva/tovary_dlya_detey_i_igrushki/hodunki_katalka_sorter_1789345920
  Кокон Red castle  ;21000₽;https://www.avito.ru/moskva/tovary_dlya_detey_i_igrushki?cd=1/moskva/tovary_dlya_detey_i_igrushki/kokon_red_castle_1833667378
  Коляска roan Marita 2 в 1  ;2500₽;https://www.avito.ru/moskva/tovary_dlya_detey_i_igrushki?cd=1/moskva/tovary_dlya_detey_i_igrushki/kolyaska_roan_marita_2_v_1_1263761370
  Коляска hartan topline s  ;600₽;https://www.avito.ru/moskva/tovary_dlya_detey_i_igrushki?cd=1/moskva/tovary_dlya_detey_i_igrushki/kolyaska_hartan_topline_s_1838293277
  Коляска peg perego book plus pop up  ;1300₽;https://www.avito.ru/moskva/tovary_dlya_detey_i_igrushki?cd=1/moskva/tovary_dlya_detey_i_igrushki/kolyaska_peg_perego_book_plus_pop_up_1818625076
  Автокресло Chicco  ;2000₽;https://www.avito.ru/moskva/tovary_dlya_detey_i_igrushki?cd=1/moskva/tovary_dlya_detey_i_igrushki/avtokreslo_chicco_1818678853
  Мольберт winner  ;700₽;https://www.avito.ru/moskva/tovary_dlya_detey_i_igrushki?cd=1/moskva/tovary_dlya_detey_i_igrushki/molbert_winner_1816820566
  Tutis mimi style 2в 1  ;7500₽;https://www.avito.ru/moskva/tovary_dlya_detey_i_igrushki?cd=1/moskva/tovary_dlya_detey_i_igrushki/tutis_mimi_style_2v_1_1795981291
  Смесь сухая молочная Беллакт Оптимум 2+  ;3700₽;https://www.avito.ru/moskva/tovary_dlya_detey_i_igrushki?cd=1/moskva/tovary_dlya_detey_i_igrushki/smes_suhaya_molochnaya_bellakt_optimum_2_1840867860
  Продаю коляску Inglesina м. Медведково  ;10500₽;https://www.avito.ru/moskva/tovary_dlya_detey_i_igrushki?cd=1/moskva/tovary_dlya_detey_i_igrushki/prodayu_kolyasku_inglesina_m._medvedkovo_1684733161
  Peg Perego Siesta стульчик для кормления  ;7000₽;https://www.avito.ru/moskva/tovary_dlya_detey_i_igrushki?cd=1/moskva/tovary_dlya_detey_i_igrushki/peg_perego_siesta_stulchik_dlya_kormleniya_1210445017
  Слинг на кольцах Diva Essenza  ;1800₽;https://www.avito.ru/moskva/tovary_dlya_detey_i_igrushki?cd=1/moskva/tovary_dlya_detey_i_igrushki/sling_na_koltsah_diva_essenza_1831417410
  Коляска cam evolution cortina x3  ;500₽;https://www.avito.ru/moskva/tovary_dlya_detey_i_igrushki?cd=1/moskva/tovary_dlya_detey_i_igrushki/kolyaska_cam_evolution_cortina_x3_1796601652
  Самокат oxelo  ;18500₽;https://www.avito.ru/moskva/tovary_dlya_detey_i_igrushki?cd=1/moskva/tovary_dlya_detey_i_igrushki/samokat_oxelo_1219685133
  Детская кухня  ;70₽;https://www.avito.ru/moskva/tovary_dlya_detey_i_igrushki?cd=1/moskva/tovary_dlya_detey_i_igrushki/detskaya_kuhnya_1849492509
  Детское постельное белье автоботы  ;5000₽;https://www.avito.ru/moskva/tovary_dlya_detey_i_igrushki?cd=1/moskva/tovary_dlya_detey_i_igrushki/detskoe_postelnoe_bele_avtoboty_1796287379
  Коляска трость Maclaren Techno XT 2017  ;3500₽;https://www.avito.ru/moskva/tovary_dlya_detey_i_igrushki?cd=1/moskva/tovary_dlya_detey_i_igrushki/kolyaska_trost_maclaren_techno_xt_2017_1811499472
  Коляска Валко Бэби Снэп Valco Baby Snap  ;1800₽;https://www.avito.ru/moskva/tovary_dlya_detey_i_igrushki?cd=1/moskva/tovary_dlya_detey_i_igrushki/kolyaska_valko_bebi_snep_valco_baby_snap_1812126848
  Кпб Добрые феи  ;9000₽;https://www.avito.ru/moskva/tovary_dlya_detey_i_igrushki?cd=1/moskva/tovary_dlya_detey_i_igrushki/kpb_dobrye_fei_1390028847
  Самокат трюковой с 2-мя пегами цвет нео хром  ;7000₽;https://www.avito.ru/moskva/tovary_dlya_detey_i_igrushki?cd=1/moskva/tovary_dlya_detey_i_igrushki/samokat_tryukovoy_s_2-mya_pegami_tsvet_neo_hrom_1810644708
  Электромобиль  ;12950₽;https://www.avito.ru/moskva/tovary_dlya_detey_i_igrushki?cd=1/moskva/tovary_dlya_detey_i_igrushki/elektromobil_1778313661
  Прогулочная коляска Gesslein F4 Air  ;19000₽;https://www.avito.ru/moskva/tovary_dlya_detey_i_igrushki?cd=1/moskva/tovary_dlya_detey_i_igrushki/progulochnaya_kolyaska_gesslein_f4_air_1668251562
  Коляска Teutonia Bliss  ;20000₽;https://www.avito.ru/moskva/tovary_dlya_detey_i_igrushki?cd=1/moskva/tovary_dlya_detey_i_igrushki/kolyaska_teutonia_bliss_1792908916
  Отдам детское пюре  ;Бесплатно;https://www.avito.ru/moskva/tovary_dlya_detey_i_igrushki?cd=1/moskva/tovary_dlya_detey_i_igrushki/otdam_detskoe_pyure_1851614499
  Avent philips  ;Бесплатно;https://www.avito.ru/moskva/tovary_dlya_detey_i_igrushki?cd=1/moskva/tovary_dlya_detey_i_igrushki/avent_philips_1823948753
  Кисломолочная смесь 2  ;2₽;https://www.avito.ru/moskva/tovary_dlya_detey_i_igrushki?cd=1/moskva/tovary_dlya_detey_i_igrushki/kislomolochnaya_smes_2_1806514172
  Продаю коляску Smart kids 2 в 1(почти новая)  ;37900₽;https://www.avito.ru/moskva/tovary_dlya_detey_i_igrushki?cd=1/moskva/tovary_dlya_detey_i_igrushki/prodayu_kolyasku_smart_kids_2_v_1pochti_novaya_1801070784
  Робот Lego Star Wars  ;4000₽;https://www.avito.ru/moskva/tovary_dlya_detey_i_igrushki?cd=1/moskva/tovary_dlya_detey_i_igrushki/robot_lego_star_wars_745132803
  Манеж happy baby 60x120  ;10990₽;https://www.avito.ru/moskva/tovary_dlya_detey_i_igrushki?cd=1/moskva/tovary_dlya_detey_i_igrushki/manezh_happy_baby_60x120_1843331711
  LOL Hairspray  ;8500₽;https://www.avito.ru/moskva/tovary_dlya_detey_i_igrushki?cd=1/moskva/tovary_dlya_detey_i_igrushki/lol_hairspray_1837992323
  Смесь малютка 2  ;2500₽;https://www.avito.ru/moskva/tovary_dlya_detey_i_igrushki?cd=1/moskva/tovary_dlya_detey_i_igrushki/smes_malyutka_2_1847450210
  Конюшня lori  ;2000₽;https://www.avito.ru/moskva/tovary_dlya_detey_i_igrushki?cd=1/moskva/tovary_dlya_detey_i_igrushki/konyushnya_lori_1843938018
  Продаю коляску Quinny Zapp  ;5999₽;https://www.avito.ru/moskva/tovary_dlya_detey_i_igrushki?cd=1/moskva/tovary_dlya_detey_i_igrushki/prodayu_kolyasku_quinny_zapp_1098558082
  Детские качели swing tako 2  ;4950₽;https://www.avito.ru/moskva/tovary_dlya_detey_i_igrushki?cd=1/moskva/tovary_dlya_detey_i_igrushki/detskie_kacheli_swing_tako_2_1827478381
  Пароварка-блендер 2в1 Philips avent  ;1900₽;https://www.avito.ru/moskva/tovary_dlya_detey_i_igrushki?cd=1/moskva/tovary_dlya_detey_i_igrushki/parovarka-blender_2v1_philips_avent_1837472885
  Коляска 3 в 1 Peg Perego  ;10₽;https://www.avito.ru/moskva/tovary_dlya_detey_i_igrushki?cd=1/moskva/tovary_dlya_detey_i_igrushki/kolyaska_3_v_1_peg_perego_1790121415
  Точилки Faber Castell  ;100₽;https://www.avito.ru/moskva/tovary_dlya_detey_i_igrushki?cd=1/moskva/tovary_dlya_detey_i_igrushki/tochilki_faber_castell_1521532483
  Горшок BabyBjorn  ;3000₽;https://www.avito.ru/moskva/tovary_dlya_detey_i_igrushki?cd=1/moskva/tovary_dlya_detey_i_igrushki/gorshok_babybjorn_1831617739
  Продам автокресло от 0  ;3500₽;https://www.avito.ru/moskva/tovary_dlya_detey_i_igrushki?cd=1/moskva/tovary_dlya_detey_i_igrushki/prodam_avtokreslo_ot_0_1667078343
  Автомобильное кресло Emily  ;1200₽;https://www.avito.ru/moskva/tovary_dlya_detey_i_igrushki?cd=1/moskva/tovary_dlya_detey_i_igrushki/avtomobilnoe_kreslo_emily_1849707034
  Ходунки каталка сортер  ;6000₽;https://www.avito.ru/moskva/tovary_dlya_detey_i_igrushki?cd=1/moskva/tovary_dlya_detey_i_igrushki/hodunki_katalka_sorter_1789345920
  Кокон Red castle  ;21000₽;https://www.avito.ru/moskva/tovary_dlya_detey_i_igrushki?cd=1/moskva/tovary_dlya_detey_i_igrushki/kokon_red_castle_1833667378
  Коляска roan Marita 2 в 1  ;2500₽;https://www.avito.ru/moskva/tovary_dlya_detey_i_igrushki?cd=1/moskva/tovary_dlya_detey_i_igrushki/kolyaska_roan_marita_2_v_1_1263761370
  Коляска hartan topline s  ;600₽;https://www.avito.ru/moskva/tovary_dlya_detey_i_igrushki?cd=1/moskva/tovary_dlya_detey_i_igrushki/kolyaska_hartan_topline_s_1838293277
  Коляска peg perego book plus pop up  ;1300₽;https://www.avito.ru/moskva/tovary_dlya_detey_i_igrushki?cd=1/moskva/tovary_dlya_detey_i_igrushki/kolyaska_peg_perego_book_plus_pop_up_1818625076
  Автокресло Chicco  ;2000₽;https://www.avito.ru/moskva/tovary_dlya_detey_i_igrushki?cd=1/moskva/tovary_dlya_detey_i_igrushki/avtokreslo_chicco_1818678853
  Мольберт winner  ;700₽;https://www.avito.ru/moskva/tovary_dlya_detey_i_igrushki?cd=1/moskva/tovary_dlya_detey_i_igrushki/molbert_winner_1816820566
  Tutis mimi style 2в 1  ;7500₽;https://www.avito.ru/moskva/tovary_dlya_detey_i_igrushki?cd=1/moskva/tovary_dlya_detey_i_igrushki/tutis_mimi_style_2v_1_1795981291
  Смесь сухая молочная Беллакт Оптимум 2+  ;3700₽;https://www.avito.ru/moskva/tovary_dlya_detey_i_igrushki?cd=1/moskva/tovary_dlya_detey_i_igrushki/smes_suhaya_molochnaya_bellakt_optimum_2_1840867860
  Продаю коляску Inglesina м. Медведково  ;10500₽;https://www.avito.ru/moskva/tovary_dlya_detey_i_igrushki?cd=1/moskva/tovary_dlya_detey_i_igrushki/prodayu_kolyasku_inglesina_m._medvedkovo_1684733161
  Peg Perego Siesta стульчик для кормления  ;7000₽;https://www.avito.ru/moskva/tovary_dlya_detey_i_igrushki?cd=1/moskva/tovary_dlya_detey_i_igrushki/peg_perego_siesta_stulchik_dlya_kormleniya_1210445017
  Слинг на кольцах Diva Essenza  ;1800₽;https://www.avito.ru/moskva/tovary_dlya_detey_i_igrushki?cd=1/moskva/tovary_dlya_detey_i_igrushki/sling_na_koltsah_diva_essenza_1831417410
  Коляска cam evolution cortina x3  ;500₽;https://www.avito.ru/moskva/tovary_dlya_detey_i_igrushki?cd=1/moskva/tovary_dlya_detey_i_igrushki/kolyaska_cam_evolution_cortina_x3_1796601652
  Самокат oxelo  ;18500₽;https://www.avito.ru/moskva/tovary_dlya_detey_i_igrushki?cd=1/moskva/tovary_dlya_detey_i_igrushki/samokat_oxelo_1219685133
  Детская кухня  ;70₽;https://www.avito.ru/moskva/tovary_dlya_detey_i_igrushki?cd=1/moskva/tovary_dlya_detey_i_igrushki/detskaya_kuhnya_1849492509
  Детское постельное белье автоботы  ;5000₽;https://www.avito.ru/moskva/tovary_dlya_detey_i_igrushki?cd=1/moskva/tovary_dlya_detey_i_igrushki/detskoe_postelnoe_bele_avtoboty_1796287379
  Коляска трость Maclaren Techno XT 2017  ;3500₽;https://www.avito.ru/moskva/tovary_dlya_detey_i_igrushki?cd=1/moskva/tovary_dlya_detey_i_igrushki/kolyaska_trost_maclaren_techno_xt_2017_1811499472
  Коляска Валко Бэби Снэп Valco Baby Snap  ;1800₽;https://www.avito.ru/moskva/tovary_dlya_detey_i_igrushki?cd=1/moskva/tovary_dlya_detey_i_igrushki/kolyaska_valko_bebi_snep_valco_baby_snap_1812126848
  Кпб Добрые феи  ;9000₽;https://www.avito.ru/moskva/tovary_dlya_detey_i_igrushki?cd=1/moskva/tovary_dlya_detey_i_igrushki/kpb_dobrye_fei_1390028847
  Компактный мини диванчик Мультик в наличии  ;15900₽;https://www.avito.ru/moskva/tovary_dlya_detey_i_igrushki?cd=1/moskva/tovary_dlya_detey_i_igrushki/kompaktnyy_mini_divanchik_multik_v_nalichii_890530954
  Navington Caravel люлька  ;12000₽;https://www.avito.ru/moskva/tovary_dlya_detey_i_igrushki?cd=1/moskva/tovary_dlya_detey_i_igrushki/navington_caravel_lyulka_1792356937
  Кроватка трансформер 9 в 1 аналог Stokke и ellipse  ;10000₽;https://www.avito.ru/moskva/tovary_dlya_detey_i_igrushki?cd=1/moskva/tovary_dlya_detey_i_igrushki/krovatka_transformer_9_v_1_analog_stokke_i_ellipse_1845363822
  Коляска 2в1 BeBe mobile классическая от 0 до 3 лет  ;12000₽;https://www.avito.ru/moskva/tovary_dlya_detey_i_igrushki?cd=1/moskva/tovary_dlya_detey_i_igrushki/kolyaska_2v1_bebe_mobile_klassicheskaya_ot_0_do_3_let_1482428300
  Манеж Happy Baby Alex Sand  ;2000₽;https://www.avito.ru/moskva/tovary_dlya_detey_i_igrushki?cd=1/moskva/tovary_dlya_detey_i_igrushki/manezh_happy_baby_alex_sand_1803806615
  Ходунки  ;500₽;https://www.avito.ru/moskva/tovary_dlya_detey_i_igrushki?cd=1/moskva/tovary_dlya_detey_i_igrushki/hodunki_1769044190
  Автомобильное кресло  ;1500₽;https://www.avito.ru/moskva/tovary_dlya_detey_i_igrushki?cd=1/moskva/tovary_dlya_detey_i_igrushki/avtomobilnoe_kreslo_1604641454
  Продам школьный рюкзак # 1 School  ;18290₽;https://www.avito.ru/moskva/tovary_dlya_detey_i_igrushki?cd=1/moskva/tovary_dlya_detey_i_igrushki/prodam_shkolnyy_ryukzak_1_school_1357878684
  Смесь Малютка 2  ;390₽;https://www.avito.ru/moskva/tovary_dlya_detey_i_igrushki?cd=1/moskva/tovary_dlya_detey_i_igrushki/smes_malyutka_2_1808548278
  Vtech железная дорога  ;2500₽;https://www.avito.ru/moskva/tovary_dlya_detey_i_igrushki?cd=1/moskva/tovary_dlya_detey_i_igrushki/vtech_zheleznaya_doroga_1003131154
  Коляска автокресло Foofoo  ;800₽;https://www.avito.ru/moskva/tovary_dlya_detey_i_igrushki?cd=1/moskva/tovary_dlya_detey_i_igrushki/kolyaska_avtokreslo_foofoo_1823639707
  Контейнер ящик  ;100₽;https://www.avito.ru/moskva/tovary_dlya_detey_i_igrushki?cd=1/moskva/tovary_dlya_detey_i_igrushki/konteyner_yaschik_1546695276
  Игрушки пакетом  ;3000₽;https://www.avito.ru/moskva/tovary_dlya_detey_i_igrushki?cd=1/moskva/tovary_dlya_detey_i_igrushki/igrushki_paketom_1309809753
  Новая сумка - рюкзак  ;6500₽ ;https://www.avito.ru/moskva/tovary_dlya_detey_i_igrushki?cd=1/moskva/tovary_dlya_detey_i_igrushki/novaya_sumka_-_ryukzak_863802591
  CAM cortina Evolution  ;2590₽;https://www.avito.ru/moskva/tovary_dlya_detey_i_igrushki?cd=1/moskva/tovary_dlya_detey_i_igrushki/cam_cortina_evolution_1760137950
  Коляска Teutonia Bliss  ;3000₽;https://www.avito.ru/moskva/tovary_dlya_detey_i_igrushki?cd=1/moskva/tovary_dlya_detey_i_igrushki/kolyaska_teutonia_bliss_1792908916
  Ходунки HB  ;7000₽;https://www.avito.ru/moskva/tovary_dlya_detey_i_igrushki?cd=1/moskva/tovary_dlya_detey_i_igrushki/hodunki_hb_1832120748
  Эргорюкзак ergo baby китай  ;850₽;https://www.avito.ru/moskva/tovary_dlya_detey_i_igrushki?cd=1/moskva/tovary_dlya_detey_i_igrushki/ergoryukzak_ergo_baby_kitay_1823157555
  Кукла  ;500₽;https://www.avito.ru/moskva/tovary_dlya_detey_i_igrushki?cd=1/moskva/tovary_dlya_detey_i_igrushki/kukla_891695719
  Бустер автокресло. Новый. 15-36 кг Цвет13+др.цвета  ;890₽;https://www.avito.ru/moskva/tovary_dlya_detey_i_igrushki?cd=1/moskva/tovary_dlya_detey_i_igrushki/buster_avtokreslo._novyy._15-36_kg_tsvet13dr.tsveta_1806056563
  Коляска maxi cosi mura прогулочный элемент. Без ша  ;3000₽;https://www.avito.ru/moskva/tovary_dlya_detey_i_igrushki?cd=1/moskva/tovary_dlya_detey_i_igrushki/kolyaska_maxi_cosi_mura_progulochnyy_element._bez_sha_1804040952
  Конверт зимний stokke  ;20000₽;https://www.avito.ru/moskva/tovary_dlya_detey_i_igrushki?cd=1/moskva/tovary_dlya_detey_i_igrushki/konvert_zimniy_stokke_1805927916
  Игровые наборы  ;900₽;https://www.avito.ru/moskva/tovary_dlya_detey_i_igrushki?cd=1/moskva/tovary_dlya_detey_i_igrushki/igrovye_nabory_1814231545
  Коляска Jetem Orion 4  ;500₽;https://www.avito.ru/moskva/tovary_dlya_detey_i_igrushki?cd=1/moskva/tovary_dlya_detey_i_igrushki/kolyaska_jetem_orion_4_1806721017
  Постельное белье Гномики  ;1₽;https://www.avito.ru/moskva/tovary_dlya_detey_i_igrushki?cd=1/moskva/tovary_dlya_detey_i_igrushki/postelnoe_bele_gnomiki_1717303457
  Коляска tutis zippy orbit 3в1 модель новая  ;950₽;https://www.avito.ru/moskva/tovary_dlya_detey_i_igrushki?cd=1/moskva/tovary_dlya_detey_i_igrushki/kolyaska_tutis_zippy_orbit_3v1_model_novaya_1849560336
  Lego и аналог Детали и человечки  ;2000₽;https://www.avito.ru/moskva/tovary_dlya_detey_i_igrushki?cd=1/moskva/tovary_dlya_detey_i_igrushki/lego_i_analog_detali_i_chelovechki_1830511189
  Каталка-ходунки Winfun Grow-With-Me Musical Walker  ;9000₽;https://www.avito.ru/moskva/tovary_dlya_detey_i_igrushki?cd=1/moskva/tovary_dlya_detey_i_igrushki/katalka-hodunki_winfun_grow-with-me_musical_walker_1420640451
  Рюкзак - сумка Зайка новый  ;100₽;https://www.avito.ru/moskva/tovary_dlya_detey_i_igrushki?cd=1/moskva/tovary_dlya_detey_i_igrushki/ryukzak_-_sumka_zayka_novyy_974464935
  Мобиль Tiny Love  ;4500₽;https://www.avito.ru/moskva/tovary_dlya_detey_i_igrushki?cd=1/moskva/tovary_dlya_detey_i_igrushki/mobil_tiny_love_1842164222
  Трусики Merries  ;1000₽;https://www.avito.ru/moskva/tovary_dlya_detey_i_igrushki?cd=1/moskva/tovary_dlya_detey_i_igrushki/trusiki_merries_1799098890
  Автомобильная детская подушка  ;9500₽;https://www.avito.ru/moskva/tovary_dlya_detey_i_igrushki?cd=1/moskva/tovary_dlya_detey_i_igrushki/avtomobilnaya_detskaya_podushka_1836367525
  Прыгунки Jetem  ;30₽;https://www.avito.ru/moskva/tovary_dlya_detey_i_igrushki?cd=1/moskva/tovary_dlya_detey_i_igrushki/prygunki_jetem_1508308813
  Деткий манеж  ;800₽;https://www.avito.ru/moskva/tovary_dlya_detey_i_igrushki?cd=1/moskva_zelenograd/tovary_dlya_detey_i_igrushki/detkiy_manezh_1846077915
  Ооак кукла Хрюша  ;500₽;https://www.avito.ru/moskva/tovary_dlya_detey_i_igrushki?cd=1/moskva/tovary_dlya_detey_i_igrushki/ooak_kukla_hryusha_1006801869
  Прогулочная коляска hauck Viper  ;1000₽;https://www.avito.ru/moskva/tovary_dlya_detey_i_igrushki?cd=1/moskva/tovary_dlya_detey_i_igrushki/progulochnaya_kolyaska_hauck_viper_1762340438
  Бутылочки и пустышки  ;999₽;https://www.avito.ru/moskva/tovary_dlya_detey_i_igrushki?cd=1/moskva/tovary_dlya_detey_i_igrushki/butylochki_i_pustyshki_1850610710
  Коляска peg Perego 3в1  ;500₽;https://www.avito.ru/moskva/tovary_dlya_detey_i_igrushki?cd=1/moskva/tovary_dlya_detey_i_igrushki/kolyaska_peg_perego_3v1_1711374890
  Подгузники - трусики  ;500₽;https://www.avito.ru/moskva/tovary_dlya_detey_i_igrushki?cd=1/moskva/tovary_dlya_detey_i_igrushki/podguzniki_-_trusiki_1852746554
  Конверт elodie details оригинал  ;700₽;https://www.avito.ru/moskva/tovary_dlya_detey_i_igrushki?cd=1/moskva/tovary_dlya_detey_i_igrushki/konvert_elodie_details_original_1824107356
  Световой меч из Звёздных войн RGB в Москве  ;10800₽;https://www.avito.ru/moskva/tovary_dlya_detey_i_igrushki?cd=1/moskva/tovary_dlya_detey_i_igrushki/svetovoy_mech_iz_zvezdnyh_voyn_rgb_v_moskve_1770783255
  Бизиборд  ;5400₽;https://www.avito.ru/moskva/tovary_dlya_detey_i_igrushki?cd=1/moskva/tovary_dlya_detey_i_igrushki/bizibord_1759480430
  Кровать двухъярусная  ;6500₽;https://www.avito.ru/moskva/tovary_dlya_detey_i_igrushki?cd=1/moskva/tovary_dlya_detey_i_igrushki/krovat_dvuhyarusnaya_1016955218
  Плюшевые медведи 80-220см. Мягкие мишки  ;1190₽;https://www.avito.ru/moskva/tovary_dlya_detey_i_igrushki?cd=1/moskva/tovary_dlya_detey_i_igrushki/plyushevye_medvedi_80-220sm._myagkie_mishki_905911632
  Школьный ранец  ;1500₽;https://www.avito.ru/moskva/tovary_dlya_detey_i_igrushki?cd=1/moskva/tovary_dlya_detey_i_igrushki/shkolnyy_ranets_1764102663
  Дед мороз  ;1₽;https://www.avito.ru/moskva/tovary_dlya_detey_i_igrushki?cd=1/moskva/tovary_dlya_detey_i_igrushki/ded_moroz_931218431
  Моторы от квадрокоптера  ;6000₽;https://www.avito.ru/moskva/tovary_dlya_detey_i_igrushki?cd=1/moskva/tovary_dlya_detey_i_igrushki/motory_ot_kvadrokoptera_1490909257
  Видеоняня Ramili RV1200  ;27000₽;https://www.avito.ru/moskva/tovary_dlya_detey_i_igrushki?cd=1/moskva/tovary_dlya_detey_i_igrushki/videonyanya_ramili_rv1200_1832332835
  Куклы Ever After High  ;7200₽ ;https://www.avito.ru/moskva/tovary_dlya_detey_i_igrushki?cd=1/moskva/tovary_dlya_detey_i_igrushki/kukly_ever_after_high_1769609075
  Игровой набор детской посуды Barbie новый  ;3000₽;https://www.avito.ru/moskva/tovary_dlya_detey_i_igrushki?cd=1/moskva/tovary_dlya_detey_i_igrushki/igrovoy_nabor_detskoy_posudy_barbie_novyy_1850398020
  Универсальная коляска indigo blues (2 в 1)  ;5000₽;https://www.avito.ru/moskva/tovary_dlya_detey_i_igrushki?cd=1/moskva/tovary_dlya_detey_i_igrushki/universalnaya_kolyaska_indigo_blues_2_v_1_1825339615
  Вязаные бусы (слингобусы)  ;800₽;https://www.avito.ru/moskva/tovary_dlya_detey_i_igrushki?cd=1/moskva/tovary_dlya_detey_i_igrushki/vyazanye_busy_slingobusy_1522057886
  Адаптер для автокресла Maxi Cosi для коляски Bumbl  ;540₽;https://www.avito.ru/moskva/tovary_dlya_detey_i_igrushki?cd=1/moskva/tovary_dlya_detey_i_igrushki/adapter_dlya_avtokresla_maxi_cosi_dlya_kolyaski_bumbl_1831003612
  Продам качели,развивающий коврик,кокон,детская ван  ;5000₽;https://www.avito.ru/moskva/tovary_dlya_detey_i_igrushki?cd=1/moskva/tovary_dlya_detey_i_igrushki/prodam_kachelirazvivayuschiy_kovrikkokondetskaya_van_1833716163
  Коляска детская бу  ;40000₽;https://www.avito.ru/moskva/tovary_dlya_detey_i_igrushki?cd=1/moskva/tovary_dlya_detey_i_igrushki/kolyaska_detskaya_bu_1837087031
  Lego  ;2500₽;https://www.avito.ru/moskva/tovary_dlya_detey_i_igrushki?cd=1/moskva/tovary_dlya_detey_i_igrushki/lego_1628181848
  Стульчик -шезлонг для кормления +0  ;2990₽;https://www.avito.ru/moskva/tovary_dlya_detey_i_igrushki?cd=1/moskva/tovary_dlya_detey_i_igrushki/stulchik_-shezlong_dlya_kormleniya_0_1370357358
  Стул для кормления  ;700₽;https://www.avito.ru/moskva/tovary_dlya_detey_i_igrushki?cd=1/moskva/tovary_dlya_detey_i_igrushki/stul_dlya_kormleniya_1821922130
  Коляска loola up  ;1000₽;https://www.avito.ru/moskva/tovary_dlya_detey_i_igrushki?cd=1/moskva/tovary_dlya_detey_i_igrushki/kolyaska_loola_up_1804120723
  Весы детские Laica  ;2300₽;https://www.avito.ru/moskva/tovary_dlya_detey_i_igrushki?cd=1/moskva/tovary_dlya_detey_i_igrushki/vesy_detskie_laica_1847713827
  Новые прыгунки Фея  ;2200₽;https://www.avito.ru/moskva/tovary_dlya_detey_i_igrushki?cd=1/moskva/tovary_dlya_detey_i_igrushki/novye_prygunki_feya_1115809744
  Коляска roan marita 2 в 1  ;800₽;https://www.avito.ru/moskva/tovary_dlya_detey_i_igrushki?cd=1/moskva/tovary_dlya_detey_i_igrushki/kolyaska_roan_marita_2_v_1_1846533485
  Коляска 2 в 1 Uppababy Minu  ;3000₽;https://www.avito.ru/moskva/tovary_dlya_detey_i_igrushki?cd=1/moskva/tovary_dlya_detey_i_igrushki/kolyaska_2_v_1_uppababy_minu_1819454323
  Кокон red castle  ;2000₽;https://www.avito.ru/moskva/tovary_dlya_detey_i_igrushki?cd=1/moskva/tovary_dlya_detey_i_igrushki/kokon_red_castle_1781062319
  Ravensburger Обучающая игра Лого Дуо  ;5000₽;https://www.avito.ru/moskva/tovary_dlya_detey_i_igrushki?cd=1/moskva/tovary_dlya_detey_i_igrushki/ravensburger_obuchayuschaya_igra_logo_duo_1666312798
  Кролик hand made  ;1500₽;https://www.avito.ru/moskva/tovary_dlya_detey_i_igrushki?cd=1/moskva/tovary_dlya_detey_i_igrushki/krolik_hand_made_1301432241
  Детское стеганое одеяло  ;500₽;https://www.avito.ru/moskva/tovary_dlya_detey_i_igrushki?cd=1/moskva/tovary_dlya_detey_i_igrushki/detskoe_steganoe_odeyalo_1269058468
  Chicco. Кукольная коляска. От 1 до 5 лет  ;8000₽;https://www.avito.ru/moskva/tovary_dlya_detey_i_igrushki?cd=1/moskva/tovary_dlya_detey_i_igrushki/chicco._kukolnaya_kolyaska._ot_1_do_5_let_1624915654
  Автолюлька Siger  ;23000₽;https://www.avito.ru/moskva/tovary_dlya_detey_i_igrushki?cd=1/moskva/tovary_dlya_detey_i_igrushki/avtolyulka_siger_1816432846
  Fisher-price Веселые гонщики Крутой спуск  ;5000₽;https://www.avito.ru/moskva/tovary_dlya_detey_i_igrushki?cd=1/moskva/tovary_dlya_detey_i_igrushki/fisher-price_veselye_gonschiki_krutoy_spusk_933271848
  Трек Tonka Climb-Overs Ripsaw Summit Playset  ;500₽;https://www.avito.ru/moskva/tovary_dlya_detey_i_igrushki?cd=1/moskva/tovary_dlya_detey_i_igrushki/trek_tonka_climb-overs_ripsaw_summit_playset_1826040046
  Отдаю ванну и стул-горшок  ;500₽;https://www.avito.ru/moskva/tovary_dlya_detey_i_igrushki?cd=1/moskva/tovary_dlya_detey_i_igrushki/otdayu_vannu_i_stul-gorshok_1825140351
  Детские электронные весы laica PS3003. б/у  ;180₽;https://www.avito.ru/moskva/tovary_dlya_detey_i_igrushki?cd=1/moskva/tovary_dlya_detey_i_igrushki/detskie_elektronnye_vesy_laica_ps3003._bu_1831000662
  Кпб Венеция  ;2600₽;https://www.avito.ru/moskva/tovary_dlya_detey_i_igrushki?cd=1/moskva/tovary_dlya_detey_i_igrushki/kpb_venetsiya_1500137999
  Новый конверт в автокресло Maxi-Cosi  ;1000₽;https://www.avito.ru/moskva/tovary_dlya_detey_i_igrushki?cd=1/moskva/tovary_dlya_detey_i_igrushki/novyy_konvert_v_avtokreslo_maxi-cosi_1285930669
  Портфель папка натуральная кожа  ;1000₽;https://www.avito.ru/moskva/tovary_dlya_detey_i_igrushki?cd=1/moskva/tovary_dlya_detey_i_igrushki/portfel_papka_naturalnaya_kozha_1827192695
  Раскладной пеленальный столик для манежа  ;1700₽;https://www.avito.ru/moskva/tovary_dlya_detey_i_igrushki?cd=1/moskva/tovary_dlya_detey_i_igrushki/raskladnoy_pelenalnyy_stolik_dlya_manezha_1783750728
  Maclaren Quest  ;Бесплатно;https://www.avito.ru/moskva/tovary_dlya_detey_i_igrushki?cd=1/moskva/tovary_dlya_detey_i_igrushki/maclaren_quest_821797385
  Лучик 37 см, талисман Сочи 2015  ;3000₽;https://www.avito.ru/moskva/tovary_dlya_detey_i_igrushki?cd=1/moskva/tovary_dlya_detey_i_igrushki/luchik_37_sm_talisman_sochi_2015_752976660
  Смесь Малютка 2 с 6 месяцев  ;1300₽;https://www.avito.ru/moskva/tovary_dlya_detey_i_igrushki?cd=1/moskva/tovary_dlya_detey_i_igrushki/smes_malyutka_2_s_6_mesyatsev_1811056406
  Коляска 2 в 1 Uppababy Minu  ;23000₽;https://www.avito.ru/moskva/tovary_dlya_detey_i_igrushki?cd=1/moskva/tovary_dlya_detey_i_igrushki/kolyaska_2_v_1_uppababy_minu_1819454323
  Электромобиль BMW  ;7999₽;https://www.avito.ru/moskva/tovary_dlya_detey_i_igrushki?cd=1/moskva/tovary_dlya_detey_i_igrushki/elektromobil_bmw_1013250049
  Коляска 2в1 Teutonia Mistral S V2  ;12000₽;https://www.avito.ru/moskva/tovary_dlya_detey_i_igrushki?cd=1/moskva/tovary_dlya_detey_i_igrushki/kolyaska_2v1_teutonia_mistral_s_v2_1468479399
  Коляска Hartan Racer GT 2 в 1  ;19000₽;https://www.avito.ru/moskva/tovary_dlya_detey_i_igrushki?cd=1/moskva/tovary_dlya_detey_i_igrushki/kolyaska_hartan_racer_gt_2_v_1_1793743429
  3 корабля лего+пакет ещё для кораблей  ;3000₽;https://www.avito.ru/moskva/tovary_dlya_detey_i_igrushki?cd=1/moskva/tovary_dlya_detey_i_igrushki/3_korablya_legopaket_esche_dlya_korabley_1201050981
  Памперсы Merry Premium  ;385₽;https://www.avito.ru/moskva/tovary_dlya_detey_i_igrushki?cd=1/moskva/tovary_dlya_detey_i_igrushki/pampersy_merry_premium_1775460038
  Одеяло детское  ;500₽;https://www.avito.ru/moskva/tovary_dlya_detey_i_igrushki?cd=1/moskva/tovary_dlya_detey_i_igrushki/odeyalo_detskoe_1454555093
  Подогреватель бутылочек beurer JBY52  ;45₽;https://www.avito.ru/moskva/tovary_dlya_detey_i_igrushki?cd=1/moskva/tovary_dlya_detey_i_igrushki/podogrevatel_butylochek_beurer_jby52_1838546883
  Слинг-рюкзак Manduca Black Line  ;14000₽;https://www.avito.ru/moskva/tovary_dlya_detey_i_igrushki?cd=1/moskva/tovary_dlya_detey_i_igrushki/sling-ryukzak_manduca_black_line_1825155545
  Стульчик для кормления  ;650₽;https://www.avito.ru/moskva/tovary_dlya_detey_i_igrushki?cd=1/moskva/tovary_dlya_detey_i_igrushki/stulchik_dlya_kormleniya_1132007277
  Скутер Fisher Price  ;700₽;https://www.avito.ru/moskva/tovary_dlya_detey_i_igrushki?cd=1/moskva/tovary_dlya_detey_i_igrushki/skuter_fisher_price_1802484248
  Плюшевый медведь  ;4000₽;https://www.avito.ru/moskva/tovary_dlya_detey_i_igrushki?cd=1/moskva/tovary_dlya_detey_i_igrushki/plyushevyy_medved_1815263242
  Лазер мад  ;2500₽;https://www.avito.ru/moskva/tovary_dlya_detey_i_igrushki?cd=1/moskva/tovary_dlya_detey_i_igrushki/lazer_mad_1374543749
  Мобиль Tiny Love  ;1100₽;https://www.avito.ru/moskva/tovary_dlya_detey_i_igrushki?cd=1/moskva/tovary_dlya_detey_i_igrushki/mobil_tiny_love_1695849475
  Рюкзак для девочки  ;29000₽ ;https://www.avito.ru/moskva/tovary_dlya_detey_i_igrushki?cd=1/moskva/tovary_dlya_detey_i_igrushki/ryukzak_dlya_devochki_1816090907
  Коляска Hesba condor coupe  ;350₽;https://www.avito.ru/moskva/tovary_dlya_detey_i_igrushki?cd=1/moskva/tovary_dlya_detey_i_igrushki/kolyaska_hesba_condor_coupe_1772848402
  Ученый щенок фишер прайс  ;20500₽;https://www.avito.ru/moskva/tovary_dlya_detey_i_igrushki?cd=1/moskva/tovary_dlya_detey_i_igrushki/uchenyy_schenok_fisher_prays_1850215965
  Коляска Lider Kids  ;2000₽;https://www.avito.ru/moskva/tovary_dlya_detey_i_igrushki?cd=1/moskva/tovary_dlya_detey_i_igrushki/kolyaska_lider_kids_1794062028
  Электрический молокоотсос Medela Mini  ;1500₽;https://www.avito.ru/moskva/tovary_dlya_detey_i_igrushki?cd=1/moskva/tovary_dlya_detey_i_igrushki/elektricheskiy_molokootsos_medela_mini_1837690071
  Матрас 60*120  ;1000₽;https://www.avito.ru/moskva/tovary_dlya_detey_i_igrushki?cd=1/moskva/tovary_dlya_detey_i_igrushki/matras_60120_1827665231
  Универсальная коляска Teutonia 2 в 1 Be You V3, цв  ;600₽;https://www.avito.ru/moskva/tovary_dlya_detey_i_igrushki?cd=1/moskva/tovary_dlya_detey_i_igrushki/universalnaya_kolyaska_teutonia_2_v_1_be_you_v3_tsv_1821154462
  Стул и манеж  ;25000₽;https://www.avito.ru/moskva/tovary_dlya_detey_i_igrushki?cd=1/moskva/tovary_dlya_detey_i_igrushki/stul_i_manezh_1805616529
  Детский самокат  ;2500₽;https://www.avito.ru/moskva/tovary_dlya_detey_i_igrushki?cd=1/moskva/tovary_dlya_detey_i_igrushki/detskiy_samokat_957982640
  Коляска BMW Maclaren + дождевик + муфта BMW  ;2500₽;https://www.avito.ru/moskva/tovary_dlya_detey_i_igrushki?cd=1/moskva/tovary_dlya_detey_i_igrushki/kolyaska_bmw_maclaren_dozhdevik_mufta_bmw_1053070332
  Автокресло  ;1001₽;https://www.avito.ru/moskva/tovary_dlya_detey_i_igrushki?cd=1/moskva/tovary_dlya_detey_i_igrushki/avtokreslo_1814448229
  Робот Бибо  ;1700₽;https://www.avito.ru/moskva/tovary_dlya_detey_i_igrushki?cd=1/moskva/tovary_dlya_detey_i_igrushki/robot_bibo_1850040892
  Авто люлька  ;5000₽;https://www.avito.ru/moskva/tovary_dlya_detey_i_igrushki?cd=1/moskva/tovary_dlya_detey_i_igrushki/avto_lyulka_1843724589
  Tiny Love Собачка догони меня  ;3500₽;https://www.avito.ru/moskva/tovary_dlya_detey_i_igrushki?cd=1/moskva/tovary_dlya_detey_i_igrushki/tiny_love_sobachka_dogoni_menya_465781241
  Рюкзак школьный ортопедический  ;500₽;https://www.avito.ru/moskva/tovary_dlya_detey_i_igrushki?cd=1/moskva/tovary_dlya_detey_i_igrushki/ryukzak_shkolnyy_ortopedicheskiy_1775701534
  Синтезатор детский  ;10000₽;https://www.avito.ru/moskva/tovary_dlya_detey_i_igrushki?cd=1/moskva/tovary_dlya_detey_i_igrushki/sintezator_detskiy_1837903961
  Детские игрушки Томик, кубики, конструктор  ;1000₽;https://www.avito.ru/moskva/tovary_dlya_detey_i_igrushki?cd=1/moskva/tovary_dlya_detey_i_igrushki/detskie_igrushki_tomik_kubiki_konstruktor_1823454679
  Постельное белье фирма Sofija  ;3000₽;https://www.avito.ru/moskva/tovary_dlya_detey_i_igrushki?cd=1/moskva/tovary_dlya_detey_i_igrushki/postelnoe_bele_firma_sofija_1835327862
  Двойной баллон с Ква-ква парка  ;800₽;https://www.avito.ru/moskva/tovary_dlya_detey_i_igrushki?cd=1/moskva/tovary_dlya_detey_i_igrushki/dvoynoy_ballon_s_kva-kva_parka_900622908
  Две детские погремушки  ;1000₽;https://www.avito.ru/moskva/tovary_dlya_detey_i_igrushki?cd=1/moskva/tovary_dlya_detey_i_igrushki/dve_detskie_pogremushki_898074610
  Машинки, киногерои, животные  ;700₽;https://www.avito.ru/moskva/tovary_dlya_detey_i_igrushki?cd=1/moskva/tovary_dlya_detey_i_igrushki/mashinki_kinogeroi_zhivotnye_1723309007
  Кукла Bratz головы для причесок 3 шт  ;600₽;https://www.avito.ru/moskva/tovary_dlya_detey_i_igrushki?cd=1/moskva/tovary_dlya_detey_i_igrushki/kukla_bratz_golovy_dlya_prichesok_3_sht_1763473754
  Продаю детский самокат  ;300₽;https://www.avito.ru/moskva/tovary_dlya_detey_i_igrushki?cd=1/moskva/tovary_dlya_detey_i_igrushki/prodayu_detskiy_samokat_1341178800
  Lost kitties  ;3500₽;https://www.avito.ru/moskva/tovary_dlya_detey_i_igrushki?cd=1/moskva/tovary_dlya_detey_i_igrushki/lost_kitties_1843441833
  IQ лото Айрис Пресс  ;990₽;https://www.avito.ru/moskva/tovary_dlya_detey_i_igrushki?cd=1/moskva/tovary_dlya_detey_i_igrushki/iq_loto_ayris_press_1835297497
  Рюкзак-кенгуру  ;100₽;https://www.avito.ru/moskva/tovary_dlya_detey_i_igrushki?cd=1/moskva/tovary_dlya_detey_i_igrushki/ryukzak-kenguru_1130016140
  Коляска  ;9900₽;https://www.avito.ru/moskva/tovary_dlya_detey_i_igrushki?cd=1/moskva/tovary_dlya_detey_i_igrushki/kolyaska_1718611544
  Детская Кроватка Трансформер 7в 1От Производителя  ;6500₽;https://www.avito.ru/moskva/tovary_dlya_detey_i_igrushki?cd=1/moskva/tovary_dlya_detey_i_igrushki/detskaya_krovatka_transformer_7v_1ot_proizvoditelya_1198695952
  Плюшевый авокадо  ;500₽;https://www.avito.ru/moskva/tovary_dlya_detey_i_igrushki?cd=1/moskva/tovary_dlya_detey_i_igrushki/plyushevyy_avokado_1840438970
  Детская прогулочная коляска emmaljunga  ;5000₽;https://www.avito.ru/moskva/tovary_dlya_detey_i_igrushki?cd=1/moskva/tovary_dlya_detey_i_igrushki/detskaya_progulochnaya_kolyaska_emmaljunga_1841843508
  Трубочки для творчества бесплатно  ;1₽;https://www.avito.ru/moskva/tovary_dlya_detey_i_igrushki?cd=1/moskva/tovary_dlya_detey_i_igrushki/trubochki_dlya_tvorchestva_besplatno_1848633005
  Беговел детский  ;800₽;https://www.avito.ru/moskva/tovary_dlya_detey_i_igrushki?cd=1/moskva/tovary_dlya_detey_i_igrushki/begovel_detskiy_1808994210
  Бортики в кроватку  ;1000₽;https://www.avito.ru/moskva/tovary_dlya_detey_i_igrushki?cd=1/moskva/tovary_dlya_detey_i_igrushki/bortiki_v_krovatku_968556098
  Люлька-качалка Mothercare  ;350₽;https://www.avito.ru/moskva/tovary_dlya_detey_i_igrushki?cd=1/moskva/tovary_dlya_detey_i_igrushki/lyulka-kachalka_mothercare_1828090258
  Трубочка газоотводная  ;13000₽;https://www.avito.ru/moskva/tovary_dlya_detey_i_igrushki?cd=1/moskva/tovary_dlya_detey_i_igrushki/trubochka_gazootvodnaya_1843421289
  Кит кашелот, морской котик и птица цена за все  ;11500₽;https://www.avito.ru/moskva/tovary_dlya_detey_i_igrushki?cd=1/moskva/tovary_dlya_detey_i_igrushki/kit_kashelot_morskoy_kotik_i_ptitsa_tsena_za_vse_1848791889
  Пеленальный столик и набор аксессуаров икеа  ;4000₽;https://www.avito.ru/moskva/tovary_dlya_detey_i_igrushki?cd=1/moskva/tovary_dlya_detey_i_igrushki/pelenalnyy_stolik_i_nabor_aksessuarov_ikea_1771844882
  Беллакт 2+  ;315₽;https://www.avito.ru/moskva/tovary_dlya_detey_i_igrushki?cd=1/moskva/tovary_dlya_detey_i_igrushki/bellakt_2_1578583788
  Конверт для сна икея  ;350₽;https://www.avito.ru/moskva/tovary_dlya_detey_i_igrushki?cd=1/moskva/tovary_dlya_detey_i_igrushki/konvert_dlya_sna_ikeya_871129180
  Манеж детский  ;2400₽;https://www.avito.ru/moskva/tovary_dlya_detey_i_igrushki?cd=1/moskva/tovary_dlya_detey_i_igrushki/manezh_detskiy_1827081422
  Коляска 2в1 BeBe mobile классическая от 0 до 3 лет  ;4950₽;https://www.avito.ru/moskva/tovary_dlya_detey_i_igrushki?cd=1/moskva/tovary_dlya_detey_i_igrushki/kolyaska_2v1_bebe_mobile_klassicheskaya_ot_0_do_3_let_1482428300
"  Игровой стол "" жирафики ""  ";20000₽;https://www.avito.ru/moskva/tovary_dlya_detey_i_igrushki?cd=1/moskva/tovary_dlya_detey_i_igrushki/igrovoy_stol_zhirafiki_1772588224
  Пеленальный столик-комод  ;29900₽;https://www.avito.ru/moskva/tovary_dlya_detey_i_igrushki?cd=1/moskva/tovary_dlya_detey_i_igrushki/pelenalnyy_stolik-komod_1841146243
  Шезлонг  ;70₽;https://www.avito.ru/moskva/tovary_dlya_detey_i_igrushki?cd=1/moskva/tovary_dlya_detey_i_igrushki/shezlong_1802779468
  Коляска для кукол  ;500₽;https://www.avito.ru/moskva/tovary_dlya_detey_i_igrushki?cd=1/moskva/tovary_dlya_detey_i_igrushki/kolyaska_dlya_kukol_1822669320
  Valko baby snap 2018  ;1900₽;https://www.avito.ru/moskva/tovary_dlya_detey_i_igrushki?cd=1/moskva/tovary_dlya_detey_i_igrushki/valko_baby_snap_2018_1799418713
  Коляска Peg perego  ;12000₽;https://www.avito.ru/moskva/tovary_dlya_detey_i_igrushki?cd=1/moskva/tovary_dlya_detey_i_igrushki/kolyaska_peg_perego_1853001566
  Коляска adamex marsello (sofia) 3в1 новая модель  ;2800₽;https://www.avito.ru/moskva/tovary_dlya_detey_i_igrushki?cd=1/moskva/tovary_dlya_detey_i_igrushki/kolyaska_adamex_marsello_sofia_3v1_novaya_model_1849040638
  Рюкзак на колёсиках  ;3500₽;https://www.avito.ru/moskva/tovary_dlya_detey_i_igrushki?cd=1/moskva/tovary_dlya_detey_i_igrushki/ryukzak_na_kolesikah_1443835545
  Электрокачели-Шезлонг  ;4000₽;https://www.avito.ru/moskva/tovary_dlya_detey_i_igrushki?cd=1/moskva/tovary_dlya_detey_i_igrushki/elektrokacheli-shezlong_1831075289
  Гараж beep beep imaginarium  ;1000₽;https://www.avito.ru/moskva/tovary_dlya_detey_i_igrushki?cd=1/moskva/tovary_dlya_detey_i_igrushki/garazh_beep_beep_imaginarium_1048252904
  Автокресло Besafe izi comfort x1 isofix  ;9500₽;https://www.avito.ru/moskva/tovary_dlya_detey_i_igrushki?cd=1/moskva/tovary_dlya_detey_i_igrushki/avtokreslo_besafe_izi_comfort_x1_isofix_1809672755
  Плед  ;4000₽;https://www.avito.ru/moskva/tovary_dlya_detey_i_igrushki?cd=1/moskva/tovary_dlya_detey_i_igrushki/pled_1851181228
  Гусеница  ;16000₽;https://www.avito.ru/moskva/tovary_dlya_detey_i_igrushki?cd=1/moskva/tovary_dlya_detey_i_igrushki/gusenitsa_1762352689
  Детское постельное белье Веселая полянка  ;3000₽;https://www.avito.ru/moskva/tovary_dlya_detey_i_igrushki?cd=1/moskva/tovary_dlya_detey_i_igrushki/detskoe_postelnoe_bele_veselaya_polyanka_1311119419
  Энурезный будильник  ;2000₽;https://www.avito.ru/moskva/tovary_dlya_detey_i_igrushki?cd=1/moskva/tovary_dlya_detey_i_igrushki/enureznyy_budilnik_1833255842
  Maclaren Techno XLR  ;800₽;https://www.avito.ru/moskva/tovary_dlya_detey_i_igrushki?cd=1/moskva/tovary_dlya_detey_i_igrushki/maclaren_techno_xlr_1821815827
  Детские качели  ;5000₽;https://www.avito.ru/moskva/tovary_dlya_detey_i_igrushki?cd=1/moskva/tovary_dlya_detey_i_igrushki/detskie_kacheli_1608094541
  Стул для кормления Икея с подушкой  ;450₽;https://www.avito.ru/moskva/tovary_dlya_detey_i_igrushki?cd=1/moskva/tovary_dlya_detey_i_igrushki/stul_dlya_kormleniya_ikeya_s_podushkoy_1840399790
  Эрго-рюкзак I love mum  ;1700₽;https://www.avito.ru/moskva/tovary_dlya_detey_i_igrushki?cd=1/moskva/tovary_dlya_detey_i_igrushki/ergo-ryukzak_i_love_mum_913073867
  Коляска Baby Merc Deluxe 2 в 1  ;800₽;https://www.avito.ru/moskva/tovary_dlya_detey_i_igrushki?cd=1/moskva/tovary_dlya_detey_i_igrushki/kolyaska_baby_merc_deluxe_2_v_1_1620333795
  Термос детский для девочек (300ml)  ;3000₽;https://www.avito.ru/moskva/tovary_dlya_detey_i_igrushki?cd=1/moskva/tovary_dlya_detey_i_igrushki/termos_detskiy_dlya_devochek_300ml_1023188524
  Игра twister  ;12000₽;https://www.avito.ru/moskva/tovary_dlya_detey_i_igrushki?cd=1/moskva/tovary_dlya_detey_i_igrushki/igra_twister_1199329264
  Постельное бельё Икеа  ;500₽;https://www.avito.ru/moskva/tovary_dlya_detey_i_igrushki?cd=1/moskva/tovary_dlya_detey_i_igrushki/postelnoe_bele_ikea_1823978289
  Электромобиль бмв  ;400₽;https://www.avito.ru/moskva/tovary_dlya_detey_i_igrushki?cd=1/moskva/tovary_dlya_detey_i_igrushki/elektromobil_bmv_1847283983
  Коляска Hartan Racer GT 2 в 1  ;1500₽;https://www.avito.ru/moskva/tovary_dlya_detey_i_igrushki?cd=1/moskva/tovary_dlya_detey_i_igrushki/kolyaska_hartan_racer_gt_2_v_1_1793743429
  Детские и подростковые кровати. В наличии в Москве  ;5500₽;https://www.avito.ru/moskva/tovary_dlya_detey_i_igrushki?cd=1/moskva/tovary_dlya_detey_i_igrushki/detskie_i_podrostkovye_krovati._v_nalichii_v_moskve_751125108
  Самокат  ;3100₽;https://www.avito.ru/moskva/tovary_dlya_detey_i_igrushki?cd=1/moskva/tovary_dlya_detey_i_igrushki/samokat_1166636631
  Лол куклы LOL surprise оригинал разные  ;1000₽;https://www.avito.ru/moskva/tovary_dlya_detey_i_igrushki?cd=1/moskva/tovary_dlya_detey_i_igrushki/lol_kukly_lol_surprise_original_raznye_1781595943
  Круглая кроватка массив  ;7700₽;https://www.avito.ru/moskva/tovary_dlya_detey_i_igrushki?cd=1/moskva/tovary_dlya_detey_i_igrushki/kruglaya_krovatka_massiv_1795426726
  Коляска прогулочная BabyHit  ;5500₽;https://www.avito.ru/moskva/tovary_dlya_detey_i_igrushki?cd=1/moskva/tovary_dlya_detey_i_igrushki/kolyaska_progulochnaya_babyhit_1844391413
  Набор для рисования  ;680₽;https://www.avito.ru/moskva/tovary_dlya_detey_i_igrushki?cd=1/moskva/tovary_dlya_detey_i_igrushki/nabor_dlya_risovaniya_1798202699
  Молочная смесь Friso Gold 1 -800 гр  ;650₽;https://www.avito.ru/moskva/tovary_dlya_detey_i_igrushki?cd=1/moskva/tovary_dlya_detey_i_igrushki/molochnaya_smes_friso_gold_1_-800_gr_1199075135
  Фарфоровая кукла  ;7900₽;https://www.avito.ru/moskva/tovary_dlya_detey_i_igrushki?cd=1/moskva/tovary_dlya_detey_i_igrushki/farforovaya_kukla_1806590197
  Детские весы  ;800₽;https://www.avito.ru/moskva/tovary_dlya_detey_i_igrushki?cd=1/moskva/tovary_dlya_detey_i_igrushki/detskie_vesy_1804269021
  Рюкзак DerDieDas в комплекте спортивная сумка, кош  ;9000₽;https://www.avito.ru/moskva/tovary_dlya_detey_i_igrushki?cd=1/moskva/tovary_dlya_detey_i_igrushki/ryukzak_derdiedas_v_komplekte_sportivnaya_sumka_kosh_1778625449
  Развивающий коврик  ;1500₽;https://www.avito.ru/moskva/tovary_dlya_detey_i_igrushki?cd=1/moskva/tovary_dlya_detey_i_igrushki/razvivayuschiy_kovrik_1823262194
  Trelax ортопедическая подушка(новая)  ;900₽;https://www.avito.ru/moskva/tovary_dlya_detey_i_igrushki?cd=1/moskva/tovary_dlya_detey_i_igrushki/trelax_ortopedicheskaya_podushkanovaya_1392987629
  Обучающие игрушки  ;2800₽;https://www.avito.ru/moskva/tovary_dlya_detey_i_igrushki?cd=1/moskva/tovary_dlya_detey_i_igrushki/obuchayuschie_igrushki_1475147997
  Круг swimtrainer  ;1800₽;https://www.avito.ru/moskva/tovary_dlya_detey_i_igrushki?cd=1/moskva/tovary_dlya_detey_i_igrushki/krug_swimtrainer_1835060418
  Овощное пюре  ;7500₽;https://www.avito.ru/moskva/tovary_dlya_detey_i_igrushki?cd=1/moskva/tovary_dlya_detey_i_igrushki/ovoschnoe_pyure_1842454610
  Автокресло Maxi-Cosi Pebble  ;3000₽;https://www.avito.ru/moskva/tovary_dlya_detey_i_igrushki?cd=1/moskva/tovary_dlya_detey_i_igrushki/avtokreslo_maxi-cosi_pebble_1843274921
  Автомобильное кресло Chicco 0-13 кг  ;6890₽;https://www.avito.ru/moskva/tovary_dlya_detey_i_igrushki?cd=1/moskva/tovary_dlya_detey_i_igrushki/avtomobilnoe_kreslo_chicco_0-13_kg_1171779770
  Lego Technic лесовоз 9397  ;500₽;https://www.avito.ru/moskva/tovary_dlya_detey_i_igrushki?cd=1/moskva/tovary_dlya_detey_i_igrushki/lego_technic_lesovoz_9397_1652823962
  Куклы hanmade  ;1500₽;https://www.avito.ru/moskva/tovary_dlya_detey_i_igrushki?cd=1/moskva/tovary_dlya_detey_i_igrushki/kukly_hanmade_1409373155
  Детский комплект в кроватку  ;900₽;https://www.avito.ru/moskva/tovary_dlya_detey_i_igrushki?cd=1/moskva/tovary_dlya_detey_i_igrushki/detskiy_komplekt_v_krovatku_1845334239
  Снежинка, талисман паралимпийских игр в Сочи 2014  ;1₽;https://www.avito.ru/moskva/tovary_dlya_detey_i_igrushki?cd=1/moskva/tovary_dlya_detey_i_igrushki/snezhinka_talisman_paralimpiyskih_igr_v_sochi_2014_752974727
  Комплекты крыльев на любой велосипед  ;5000₽;https://www.avito.ru/moskva/tovary_dlya_detey_i_igrushki?cd=1/moskva/tovary_dlya_detey_i_igrushki/komplekty_krylev_na_lyuboy_velosiped_1163530281
  Мягкая игрушка Басик  ;2500₽;https://www.avito.ru/moskva/tovary_dlya_detey_i_igrushki?cd=1/moskva/tovary_dlya_detey_i_igrushki/myagkaya_igrushka_basik_1043106242
  Детские весы  ;6000₽;https://www.avito.ru/moskva/tovary_dlya_detey_i_igrushki?cd=1/moskva/tovary_dlya_detey_i_igrushki/detskie_vesy_1833224073
  Стул для кормления  ;350₽;https://www.avito.ru/moskva/tovary_dlya_detey_i_igrushki?cd=1/moskva/tovary_dlya_detey_i_igrushki/stul_dlya_kormleniya_1839111873
  Термосумка Dr. Browns  ;500₽;https://www.avito.ru/moskva/tovary_dlya_detey_i_igrushki?cd=1/moskva/tovary_dlya_detey_i_igrushki/termosumka_dr._browns_1497351985
  Машинка-каталка беговел Orion  ;2500₽;https://www.avito.ru/moskva/tovary_dlya_detey_i_igrushki?cd=1/moskva/tovary_dlya_detey_i_igrushki/mashinka-katalka_begovel_orion_1461180156
  Электронный молокоотсос Philips Avent SCF332/31  ;790₽;https://www.avito.ru/moskva/tovary_dlya_detey_i_igrushki?cd=1/moskva/tovary_dlya_detey_i_igrushki/elektronnyy_molokootsos_philips_avent_scf33231_1781798482
  Детский горшок  ;900₽;https://www.avito.ru/moskva/tovary_dlya_detey_i_igrushki?cd=1/moskva/tovary_dlya_detey_i_igrushki/detskiy_gorshok_1797220405
  Новая коляска Jetem Laura 2 в 1  ;1200₽;https://www.avito.ru/moskva/tovary_dlya_detey_i_igrushki?cd=1/moskva/tovary_dlya_detey_i_igrushki/novaya_kolyaska_jetem_laura_2_v_1_1799199284
  Конверт elodie details  ;1000₽;https://www.avito.ru/moskva/tovary_dlya_detey_i_igrushki?cd=1/moskva/tovary_dlya_detey_i_igrushki/konvert_elodie_details_1820791182
  Набор детской мебели  ;500₽;https://www.avito.ru/moskva/tovary_dlya_detey_i_igrushki?cd=1/moskva/tovary_dlya_detey_i_igrushki/nabor_detskoy_mebeli_1638995973
  Молокоотсос Нук  ;500₽;https://www.avito.ru/moskva/tovary_dlya_detey_i_igrushki?cd=1/moskva/tovary_dlya_detey_i_igrushki/molokootsos_nuk_1825619541
  Рюкзак школьный  ;5000₽;https://www.avito.ru/moskva/tovary_dlya_detey_i_igrushki?cd=1/moskva/tovary_dlya_detey_i_igrushki/ryukzak_shkolnyy_1402462486
  Набор для baby born  ;150₽;https://www.avito.ru/moskva/tovary_dlya_detey_i_igrushki?cd=1/moskva/tovary_dlya_detey_i_igrushki/nabor_dlya_baby_born_1780765636
  Щенячий патруль с подарком  ;7000₽;https://www.avito.ru/moskva/tovary_dlya_detey_i_igrushki?cd=1/moskva/tovary_dlya_detey_i_igrushki/schenyachiy_patrul_s_podarkom_1815393726
  Памперсы  ;3000₽;https://www.avito.ru/moskva/tovary_dlya_detey_i_igrushki?cd=1/moskva/tovary_dlya_detey_i_igrushki/pampersy_1825181938
  Рюкзак школьный  ;1100₽;https://www.avito.ru/moskva/tovary_dlya_detey_i_igrushki?cd=1/moskva/tovary_dlya_detey_i_igrushki/ryukzak_shkolnyy_1850601659
  Мишка Noel. Игрушки  ;2000₽;https://www.avito.ru/moskva/tovary_dlya_detey_i_igrushki?cd=1/moskva/tovary_dlya_detey_i_igrushki/mishka_noel._igrushki_1691800800
  Лего патруль береговой охраны 60014  ;1000₽;https://www.avito.ru/moskva/tovary_dlya_detey_i_igrushki?cd=1/moskva/tovary_dlya_detey_i_igrushki/lego_patrul_beregovoy_ohrany_60014_894354722
  Коляска  ;10988₽;https://www.avito.ru/moskva/tovary_dlya_detey_i_igrushki?cd=1/moskva/tovary_dlya_detey_i_igrushki/kolyaska_1823804571
  Шасси stokke trailz  ;21000₽;https://www.avito.ru/moskva/tovary_dlya_detey_i_igrushki?cd=1/moskva/tovary_dlya_detey_i_igrushki/shassi_stokke_trailz_1852659199
  Коляска Bebecar Stylo AT + прогулочный блок  ;6000₽;https://www.avito.ru/moskva/tovary_dlya_detey_i_igrushki?cd=1/moskva/tovary_dlya_detey_i_igrushki/kolyaska_bebecar_stylo_at_progulochnyy_blok_1763856802
  Растущий стул для школьника Кантор Мастер 2  ;1950₽;https://www.avito.ru/moskva/tovary_dlya_detey_i_igrushki?cd=1/moskva/tovary_dlya_detey_i_igrushki/rastuschiy_stul_dlya_shkolnika_kantor_master_2_1417306126
  Балдахин на кроватку  ;500₽;https://www.avito.ru/moskva/tovary_dlya_detey_i_igrushki?cd=1/moskva/tovary_dlya_detey_i_igrushki/baldahin_na_krovatku_1005244188
  Бутылочки  ;500₽;https://www.avito.ru/moskva/tovary_dlya_detey_i_igrushki?cd=1/moskva/tovary_dlya_detey_i_igrushki/butylochki_1804334358
  Рюкзак для micro maxi 4IN1  ;5000₽;https://www.avito.ru/moskva/tovary_dlya_detey_i_igrushki?cd=1/moskva/tovary_dlya_detey_i_igrushki/ryukzak_dlya_micro_maxi_4in1_1767480404
  Мини-наборы lego  ;8000₽;https://www.avito.ru/moskva/tovary_dlya_detey_i_igrushki?cd=1/moskva/tovary_dlya_detey_i_igrushki/mini-nabory_lego_1844085971
  Стульчик для кормления chicco  ;5000₽;https://www.avito.ru/moskva/tovary_dlya_detey_i_igrushki?cd=1/moskva_zelenograd/tovary_dlya_detey_i_igrushki/stulchik_dlya_kormleniya_chicco_1846157507
  Постельное белье детское  ;46000₽;https://www.avito.ru/moskva/tovary_dlya_detey_i_igrushki?cd=1/moskva/tovary_dlya_detey_i_igrushki/postelnoe_bele_detskoe_937582874
  Развивающие игрушки  ;2000₽;https://www.avito.ru/moskva/tovary_dlya_detey_i_igrushki?cd=1/moskva/tovary_dlya_detey_i_igrushki/razvivayuschie_igrushki_1760343431
  Свечи на день рождения  ;2000₽;https://www.avito.ru/moskva/tovary_dlya_detey_i_igrushki?cd=1/moskva/tovary_dlya_detey_i_igrushki/svechi_na_den_rozhdeniya_1803988180
  Коляска Quinny Buzz 4  ;200₽;https://www.avito.ru/moskva/tovary_dlya_detey_i_igrushki?cd=1/moskva/tovary_dlya_detey_i_igrushki/kolyaska_quinny_buzz_4_1118799727
  Коляска-люлька Inglesina Sofia Ergobike  ;3000₽;https://www.avito.ru/moskva/tovary_dlya_detey_i_igrushki?cd=1/moskva/tovary_dlya_detey_i_igrushki/kolyaska-lyulka_inglesina_sofia_ergobike_1806975329
  Подушка для беременных  ;5200₽;https://www.avito.ru/moskva/tovary_dlya_detey_i_igrushki?cd=1/moskva/tovary_dlya_detey_i_igrushki/podushka_dlya_beremennyh_1805933840
  Pampers 4 pants  ;9000₽ ;https://www.avito.ru/moskva/tovary_dlya_detey_i_igrushki?cd=1/moskva/tovary_dlya_detey_i_igrushki/pampers_4_pants_1610781571
  Набор фокусника 60  ;2707₽;https://www.avito.ru/moskva/tovary_dlya_detey_i_igrushki?cd=1/moskva/tovary_dlya_detey_i_igrushki/nabor_fokusnika_60_1777109977
  Прогулочная коляска Tommy Travel  ;100₽;https://www.avito.ru/moskva/tovary_dlya_detey_i_igrushki?cd=1/moskva/tovary_dlya_detey_i_igrushki/progulochnaya_kolyaska_tommy_travel_1500261575
  Рюкзак унисекс  ;39500₽;https://www.avito.ru/moskva/tovary_dlya_detey_i_igrushki?cd=1/moskva/tovary_dlya_detey_i_igrushki/ryukzak_uniseks_1779435569
  Детские весы  ;16000₽;https://www.avito.ru/moskva/tovary_dlya_detey_i_igrushki?cd=1/moskva/tovary_dlya_detey_i_igrushki/detskie_vesy_1792292657
  Бортики в детскую кроватку  ;1500₽;https://www.avito.ru/moskva/tovary_dlya_detey_i_igrushki?cd=1/moskva/tovary_dlya_detey_i_igrushki/bortiki_v_detskuyu_krovatku_1809542722
  Коллекционная детская швейная машинка  ;400₽;https://www.avito.ru/moskva/tovary_dlya_detey_i_igrushki?cd=1/moskva/tovary_dlya_detey_i_igrushki/kollektsionnaya_detskaya_shveynaya_mashinka_1711840660
  Коляска Peg perego GT 3  ;1000₽;https://www.avito.ru/moskva/tovary_dlya_detey_i_igrushki?cd=1/moskva/tovary_dlya_detey_i_igrushki/kolyaska_peg_perego_gt_3_1325843388
  Прогулочная коляска Valco Baby Snap  ;3999₽;https://www.avito.ru/moskva/tovary_dlya_detey_i_igrushki?cd=1/moskva/tovary_dlya_detey_i_igrushki/progulochnaya_kolyaska_valco_baby_snap_1821063934
  Автокресло Brevi  ;1250₽;https://www.avito.ru/moskva/tovary_dlya_detey_i_igrushki?cd=1/moskva/tovary_dlya_detey_i_igrushki/avtokreslo_brevi_1689126277
  Кукла Фарфоровая новая  ;3500₽;https://www.avito.ru/moskva/tovary_dlya_detey_i_igrushki?cd=1/moskva/tovary_dlya_detey_i_igrushki/kukla_farforovaya_novaya_1616134828
  Игрушки ручной работы  ;800₽;https://www.avito.ru/moskva/tovary_dlya_detey_i_igrushki?cd=1/moskva/tovary_dlya_detey_i_igrushki/igrushki_ruchnoy_raboty_1237145880
  Кухня детская б/у  ;1950₽;https://www.avito.ru/moskva/tovary_dlya_detey_i_igrushki?cd=1/moskva/tovary_dlya_detey_i_igrushki/kuhnya_detskaya_bu_1851429259
  Стул детский высокий икеа IKEA  ;8500₽;https://www.avito.ru/moskva/tovary_dlya_detey_i_igrushki?cd=1/moskva/tovary_dlya_detey_i_igrushki/stul_detskiy_vysokiy_ikea_ikea_1822940393
  Развивающий центр  ;7000₽;https://www.avito.ru/moskva/tovary_dlya_detey_i_igrushki?cd=1/moskva/tovary_dlya_detey_i_igrushki/razvivayuschiy_tsentr_1525248833
  Круг Детский  ;2500₽;https://www.avito.ru/moskva/tovary_dlya_detey_i_igrushki?cd=1/moskva/tovary_dlya_detey_i_igrushki/krug_detskiy_1852601980
  Emmaljunga Nitro City 2 в 1. Эко Кожа  ;2000₽;https://www.avito.ru/moskva/tovary_dlya_detey_i_igrushki?cd=1/moskva/tovary_dlya_detey_i_igrushki/emmaljunga_nitro_city_2_v_1._eko_kozha_1159750539
  Двухъярусная кровать  ;6500₽;https://www.avito.ru/moskva/tovary_dlya_detey_i_igrushki?cd=1/moskva/tovary_dlya_detey_i_igrushki/dvuhyarusnaya_krovat_1846508168
  Коляска Stokke 2 в 1 розовая  ;2000₽;https://www.avito.ru/moskva/tovary_dlya_detey_i_igrushki?cd=1/moskva/tovary_dlya_detey_i_igrushki/kolyaska_stokke_2_v_1_rozovaya_1846548576
  Мяч попрыгун  ;2000₽;https://www.avito.ru/moskva/tovary_dlya_detey_i_igrushki?cd=1/moskva/tovary_dlya_detey_i_igrushki/myach_poprygun_1822170997
  Тыква и морковь от Агуша  ;1500₽;https://www.avito.ru/moskva/tovary_dlya_detey_i_igrushki?cd=1/moskva/tovary_dlya_detey_i_igrushki/tykva_i_morkov_ot_agusha_1852104291
  Игрушка ELC рыбалка  ;600₽;https://www.avito.ru/moskva/tovary_dlya_detey_i_igrushki?cd=1/moskva/tovary_dlya_detey_i_igrushki/igrushka_elc_rybalka_1497355952
  Игровой набор фабрика конфет  ;20900₽;https://www.avito.ru/moskva/tovary_dlya_detey_i_igrushki?cd=1/moskva/tovary_dlya_detey_i_igrushki/igrovoy_nabor_fabrika_konfet_1831944154
  Стерилизатор Avent  ;5000₽;https://www.avito.ru/moskva/tovary_dlya_detey_i_igrushki?cd=1/moskva/tovary_dlya_detey_i_igrushki/sterilizator_avent_1812772582
  Сетка и аксессуары для Adamex Flamenco и люлька дл  ;27000₽;https://www.avito.ru/moskva/tovary_dlya_detey_i_igrushki?cd=1/moskva/tovary_dlya_detey_i_igrushki/setka_i_aksessuary_dlya_adamex_flamenco_i_lyulka_dl_1783411429
  Растущая парта для школьника  ;3995₽;https://www.avito.ru/moskva/tovary_dlya_detey_i_igrushki?cd=1/moskva/tovary_dlya_detey_i_igrushki/rastuschaya_parta_dlya_shkolnika_1065258639
  Гироскутер  ;5000₽;https://www.avito.ru/moskva/tovary_dlya_detey_i_igrushki?cd=1/moskva/tovary_dlya_detey_i_igrushki/giroskuter_1496736426
  Yoya plus 3 Коляски - серый / доставка  ;5997₽;https://www.avito.ru/moskva/tovary_dlya_detey_i_igrushki?cd=1/moskva/tovary_dlya_detey_i_igrushki/yoya_plus_3_kolyaski_-_seryy_dostavka_1787760848
  Детская кровать  ;17000₽;https://www.avito.ru/moskva/tovary_dlya_detey_i_igrushki?cd=1/moskva/tovary_dlya_detey_i_igrushki/detskaya_krovat_1783659167
  Конструкторы Полесье  ;500₽;https://www.avito.ru/moskva/tovary_dlya_detey_i_igrushki?cd=1/moskva/tovary_dlya_detey_i_igrushki/konstruktory_polese_1829893703
  Касса розовая со звуками  ;300₽;https://www.avito.ru/moskva/tovary_dlya_detey_i_igrushki?cd=1/moskva/tovary_dlya_detey_i_igrushki/kassa_rozovaya_so_zvukami_1339978934
  Машина на радио управлении  ;500₽;https://www.avito.ru/moskva/tovary_dlya_detey_i_igrushki?cd=1/moskva/tovary_dlya_detey_i_igrushki/mashina_na_radio_upravlenii_1814936987
  Манеж краб хаус  ;51000₽;https://www.avito.ru/moskva/tovary_dlya_detey_i_igrushki?cd=1/moskva/tovary_dlya_detey_i_igrushki/manezh_krab_haus_1399006622
  Кокон для роворожденрого  ;16000₽;https://www.avito.ru/moskva/tovary_dlya_detey_i_igrushki?cd=1/moskva/tovary_dlya_detey_i_igrushki/kokon_dlya_rovorozhdenrogo_1251031857
  Постельное Винни пух 1.5 спальное  ;29900₽;https://www.avito.ru/moskva/tovary_dlya_detey_i_igrushki?cd=1/moskva/tovary_dlya_detey_i_igrushki/postelnoe_vinni_puh_1.5_spalnoe_1550240208
  Заяц, ручная работа  ;2000₽;https://www.avito.ru/moskva/tovary_dlya_detey_i_igrushki?cd=1/moskva/tovary_dlya_detey_i_igrushki/zayats_ruchnaya_rabota_1635549158
  Лего Звездные Войны 75020  ;400₽;https://www.avito.ru/moskva/tovary_dlya_detey_i_igrushki?cd=1/moskva/tovary_dlya_detey_i_igrushki/lego_zvezdnye_voyny_75020_1761014904
  Кокон red castle  ;1000₽;https://www.avito.ru/moskva/tovary_dlya_detey_i_igrushki?cd=1/moskva/tovary_dlya_detey_i_igrushki/kokon_red_castle_1434246158
  Акула IKEA  ;1000₽;https://www.avito.ru/moskva/tovary_dlya_detey_i_igrushki?cd=1/moskva/tovary_dlya_detey_i_igrushki/akula_ikea_1802438537
  Lego вертолёт береговой охраны  ;20000₽;https://www.avito.ru/moskva/tovary_dlya_detey_i_igrushki?cd=1/moskva/tovary_dlya_detey_i_igrushki/lego_vertolet_beregovoy_ohrany_1606928307
  Подогреватель для бутылочек Avent Express  ;7500₽;https://www.avito.ru/moskva/tovary_dlya_detey_i_igrushki?cd=1/moskva/tovary_dlya_detey_i_igrushki/podogrevatel_dlya_butylochek_avent_express_1412197516
  Детская каталка  ;3000₽;https://www.avito.ru/moskva/tovary_dlya_detey_i_igrushki?cd=1/moskva/tovary_dlya_detey_i_igrushki/detskaya_katalka_948922868
  Сумка для коляски Polaris  ;6000₽;https://www.avito.ru/moskva/tovary_dlya_detey_i_igrushki?cd=1/moskva/tovary_dlya_detey_i_igrushki/sumka_dlya_kolyaski_polaris_1793812508
  Конструктор лего  ;5000₽;https://www.avito.ru/moskva/tovary_dlya_detey_i_igrushki?cd=1/moskva/tovary_dlya_detey_i_igrushki/konstruktor_lego_1851421656
  Lego Knights Kingdom (8704)  ;1599₽;https://www.avito.ru/moskva/tovary_dlya_detey_i_igrushki?cd=1/moskva/tovary_dlya_detey_i_igrushki/lego_knights_kingdom_8704_994823402
  Hot weels  ;2000₽;https://www.avito.ru/moskva/tovary_dlya_detey_i_igrushki?cd=1/moskva/tovary_dlya_detey_i_igrushki/hot_weels_1813797904
  Кроватка Лель Лилия 17.0 с матрасом  ;500₽;https://www.avito.ru/moskva/tovary_dlya_detey_i_igrushki?cd=1/moskva/tovary_dlya_detey_i_igrushki/krovatka_lel_liliya_17.0_s_matrasom_1807717401
  Коляска Mima Xari 3в1  ;400₽;https://www.avito.ru/moskva/tovary_dlya_detey_i_igrushki?cd=1/moskva/tovary_dlya_detey_i_igrushki/kolyaska_mima_xari_3v1_1845723271
  My Little Pony  ;300₽;https://www.avito.ru/moskva/tovary_dlya_detey_i_igrushki?cd=1/moskva/tovary_dlya_detey_i_igrushki/my_little_pony_1821741204
  Ковер с дорогами Городок 2 х 3 метра  ;500₽;https://www.avito.ru/moskva/tovary_dlya_detey_i_igrushki?cd=1/moskva/tovary_dlya_detey_i_igrushki/kover_s_dorogami_gorodok_2_h_3_metra_1835813126
  Пустышка классическая Tommee Tippee Air Style  ;1000₽;https://www.avito.ru/moskva/tovary_dlya_detey_i_igrushki?cd=1/moskva/tovary_dlya_detey_i_igrushki/pustyshka_klassicheskaya_tommee_tippee_air_style_759231502
  Автомобильное кресло Maxi cosi pebble 0+  ;Ценанеуказана;https://www.avito.ru/moskva/tovary_dlya_detey_i_igrushki?cd=1/moskva/tovary_dlya_detey_i_igrushki/avtomobilnoe_kreslo_maxi_cosi_pebble_0_1594702369
  Ванночка для купания OK baby Onda  ;2000₽;https://www.avito.ru/moskva/tovary_dlya_detey_i_igrushki?cd=1/moskva/tovary_dlya_detey_i_igrushki/vannochka_dlya_kupaniya_ok_baby_onda_1802412981
  Детская коляска Bebecar Stylo Class  ;37000₽;https://www.avito.ru/moskva/tovary_dlya_detey_i_igrushki?cd=1/moskva/tovary_dlya_detey_i_igrushki/detskaya_kolyaska_bebecar_stylo_class_1787126665
  Пеналы школьные  ;300₽;https://www.avito.ru/moskva/tovary_dlya_detey_i_igrushki?cd=1/moskva/tovary_dlya_detey_i_igrushki/penaly_shkolnye_1821026746
  Коляска-трость Bebe Confort vit  ;1000₽;https://www.avito.ru/moskva/tovary_dlya_detey_i_igrushki?cd=1/moskva/tovary_dlya_detey_i_igrushki/kolyaska-trost_bebe_confort_vit_1805058959
  Детское пюре Агуша  ;300₽;https://www.avito.ru/moskva/tovary_dlya_detey_i_igrushki?cd=1/moskva/tovary_dlya_detey_i_igrushki/detskoe_pyure_agusha_1825872809
  Баскетбольное кольцо с мячом, напольная игра  ;6900₽;https://www.avito.ru/moskva/tovary_dlya_detey_i_igrushki?cd=1/moskva/tovary_dlya_detey_i_igrushki/basketbolnoe_koltso_s_myachom_napolnaya_igra_1824977970
  Радиооняня Phillips avent  ;900₽;https://www.avito.ru/moskva/tovary_dlya_detey_i_igrushki?cd=1/moskva/tovary_dlya_detey_i_igrushki/radioonyanya_phillips_avent_1847169472
  Lego mixels  ;8000₽;https://www.avito.ru/moskva/tovary_dlya_detey_i_igrushki?cd=1/moskva/tovary_dlya_detey_i_igrushki/lego_mixels_1812968732
  Беговел Puky LR 1L Br  ;400₽;https://www.avito.ru/moskva/tovary_dlya_detey_i_igrushki?cd=1/moskva/tovary_dlya_detey_i_igrushki/begovel_puky_lr_1l_br_1852736586
  Детская кухня производство Икеа  ;1100₽;https://www.avito.ru/moskva/tovary_dlya_detey_i_igrushki?cd=1/moskva/tovary_dlya_detey_i_igrushki/detskaya_kuhnya_proizvodstvo_ikea_1830279438
  Залипаки из Перекрёстка  ;15₽;https://www.avito.ru/moskva/tovary_dlya_detey_i_igrushki?cd=1/moskva/tovary_dlya_detey_i_igrushki/zalipaki_iz_perekrestka_1843053839
  Graco city sport  ;2000₽;https://www.avito.ru/moskva/tovary_dlya_detey_i_igrushki?cd=1/moskva/tovary_dlya_detey_i_igrushki/graco_city_sport_1197230773
  Дуга tiny love  ;2000₽;https://www.avito.ru/moskva/tovary_dlya_detey_i_igrushki?cd=1/moskva/tovary_dlya_detey_i_igrushki/duga_tiny_love_1812990133
  Развивающие игрушки  ;1850₽;https://www.avito.ru/moskva/tovary_dlya_detey_i_igrushki?cd=1/moskva/tovary_dlya_detey_i_igrushki/razvivayuschie_igrushki_1791926373
  Люлька переноска maxi cosi и колесная база под неё  ;9900₽;https://www.avito.ru/moskva/tovary_dlya_detey_i_igrushki?cd=1/moskva/tovary_dlya_detey_i_igrushki/lyulka_perenoska_maxi_cosi_i_kolesnaya_baza_pod_nee_1310797004
  Коляска Silver Cross Jet  ;10000₽;https://www.avito.ru/moskva/tovary_dlya_detey_i_igrushki?cd=1/moskva/tovary_dlya_detey_i_igrushki/kolyaska_silver_cross_jet_1794188296
  Воздушные шары, шарики с гелием с доставкой  ;45₽;https://www.avito.ru/moskva/tovary_dlya_detey_i_igrushki?cd=1/moskva/tovary_dlya_detey_i_igrushki/vozdushnye_shary_shariki_s_geliem_s_dostavkoy_1096584176
  Мяч с червяком Tiny Love (тини лав)  ;500₽;https://www.avito.ru/moskva/tovary_dlya_detey_i_igrushki?cd=1/moskva/tovary_dlya_detey_i_igrushki/myach_s_chervyakom_tiny_love_tini_lav_1839496356
  История игрушек 4 Джесси говорящая  ;1800₽;https://www.avito.ru/moskva/tovary_dlya_detey_i_igrushki?cd=1/moskva/tovary_dlya_detey_i_igrushki/istoriya_igrushek_4_dzhessi_govoryaschaya_1144283070
  Белакт каша безмолочная гречневая с яблоком - 2 уп  ;Ценанеуказана;https://www.avito.ru/moskva/tovary_dlya_detey_i_igrushki?cd=1/moskva/tovary_dlya_detey_i_igrushki/belakt_kasha_bezmolochnaya_grechnevaya_s_yablokom_-_2_up_1782375225
  Новая кукла-марионетка Зайчик, Чехия  ;700₽;https://www.avito.ru/moskva/tovary_dlya_detey_i_igrushki?cd=1/moskva/tovary_dlya_detey_i_igrushki/novaya_kukla-marionetka_zaychik_chehiya_607665614
"  Блокнот ""Моана""  ";13900₽;https://www.avito.ru/moskva/tovary_dlya_detey_i_igrushki?cd=1/moskva/tovary_dlya_detey_i_igrushki/bloknot_moana_895206079
  Lego bionicle  ;200₽;https://www.avito.ru/moskva/tovary_dlya_detey_i_igrushki?cd=1/moskva/tovary_dlya_detey_i_igrushki/lego_bionicle_1813498656
  Детские весы  ;600₽;https://www.avito.ru/moskva/tovary_dlya_detey_i_igrushki?cd=1/moskva/tovary_dlya_detey_i_igrushki/detskie_vesy_1804457155
  Молокоотсос электрический Pigeon Pro  ;400₽;https://www.avito.ru/moskva/tovary_dlya_detey_i_igrushki?cd=1/moskva/tovary_dlya_detey_i_igrushki/molokootsos_elektricheskiy_pigeon_pro_1775211145
  Школьный ранец Randoseru (topvalu)  ;Ценанеуказана;https://www.avito.ru/moskva/tovary_dlya_detey_i_igrushki?cd=1/moskva/tovary_dlya_detey_i_igrushki/shkolnyy_ranets_randoseru_topvalu_1344151715
  Детское авто кресло  ;1500₽;https://www.avito.ru/moskva/tovary_dlya_detey_i_igrushki?cd=1/moskva/tovary_dlya_detey_i_igrushki/detskoe_avto_kreslo_1851448971
  Игрушки интерактивные  ;1600₽;https://www.avito.ru/moskva/tovary_dlya_detey_i_igrushki?cd=1/moskva/tovary_dlya_detey_i_igrushki/igrushki_interaktivnye_1414286241
  Карусель на кровать детский  ;1500₽;https://www.avito.ru/moskva/tovary_dlya_detey_i_igrushki?cd=1/moskva/tovary_dlya_detey_i_igrushki/karusel_na_krovat_detskiy_1659845330
  Детский стульчик  ;8995₽;https://www.avito.ru/moskva/tovary_dlya_detey_i_igrushki?cd=1/moskva/tovary_dlya_detey_i_igrushki/detskiy_stulchik_1818373266
  Бортик/ манеж для поезда  ;3500₽;https://www.avito.ru/moskva/tovary_dlya_detey_i_igrushki?cd=1/moskva/tovary_dlya_detey_i_igrushki/bortik_manezh_dlya_poezda_1376844015
  Кенгуру - эрго - рюкзак baby bjorn original  ;15000₽;https://www.avito.ru/moskva/tovary_dlya_detey_i_igrushki?cd=1/moskva/tovary_dlya_detey_i_igrushki/kenguru_-_ergo_-_ryukzak_baby_bjorn_original_1629436118
  Мягкие игрушки  ;1000₽;https://www.avito.ru/moskva/tovary_dlya_detey_i_igrushki?cd=1/moskva/tovary_dlya_detey_i_igrushki/myagkie_igrushki_1300808861
  LOL Fluffy pets snow dogg  ;500₽;https://www.avito.ru/moskva/tovary_dlya_detey_i_igrushki?cd=1/moskva/tovary_dlya_detey_i_igrushki/lol_fluffy_pets_snow_dogg_1842801013
  Горка baby ok  ;300₽;https://www.avito.ru/moskva/tovary_dlya_detey_i_igrushki?cd=1/moskva/tovary_dlya_detey_i_igrushki/gorka_baby_ok_1775917202
  Новое белье дисней в детскую кроватку  ;1000₽;https://www.avito.ru/moskva/tovary_dlya_detey_i_igrushki?cd=1/moskva/tovary_dlya_detey_i_igrushki/novoe_bele_disney_v_detskuyu_krovatku_1329859186
  Рюкзак-кенгуру  ;1000₽;https://www.avito.ru/moskva/tovary_dlya_detey_i_igrushki?cd=1/moskva/tovary_dlya_detey_i_igrushki/ryukzak-kenguru_1796116341
  Автокресло 0+ maxi cosi  ;2000₽;https://www.avito.ru/moskva/tovary_dlya_detey_i_igrushki?cd=1/moskva/tovary_dlya_detey_i_igrushki/avtokreslo_0_maxi_cosi_1795255210
  Marc Jacobs  ;100₽;https://www.avito.ru/moskva/tovary_dlya_detey_i_igrushki?cd=1/moskva/tovary_dlya_detey_i_igrushki/marc_jacobs_1795851811
  Мобиль Smoby  ;1300₽;https://www.avito.ru/moskva/tovary_dlya_detey_i_igrushki?cd=1/moskva/tovary_dlya_detey_i_igrushki/mobil_smoby_1830889505
  Коляска прогулочная Aprica Karoon plus(0+)  ;500₽;https://www.avito.ru/moskva/tovary_dlya_detey_i_igrushki?cd=1/moskva/tovary_dlya_detey_i_igrushki/kolyaska_progulochnaya_aprica_karoon_plus0_1294506184
  Детское автокресло-переноска  ;500₽;https://www.avito.ru/moskva/tovary_dlya_detey_i_igrushki?cd=1/moskva/tovary_dlya_detey_i_igrushki/detskoe_avtokreslo-perenoska_1831292354
  Lego  ;500₽;https://www.avito.ru/moskva/tovary_dlya_detey_i_igrushki?cd=1/moskva/tovary_dlya_detey_i_igrushki/lego_1264285293
  Кровать  ;5000₽;https://www.avito.ru/moskva/tovary_dlya_detey_i_igrushki?cd=1/moskva/tovary_dlya_detey_i_igrushki/krovat_1769493654
  Развивающий детский коврик  ;7000₽;https://www.avito.ru/moskva/tovary_dlya_detey_i_igrushki?cd=1/moskva/tovary_dlya_detey_i_igrushki/razvivayuschiy_detskiy_kovrik_1805458831
  Стульчик для кормления  ;1500₽;https://www.avito.ru/moskva/tovary_dlya_detey_i_igrushki?cd=1/moskva/tovary_dlya_detey_i_igrushki/stulchik_dlya_kormleniya_1788392767
  Птица страус сидячий папье маше  ;5000₽;https://www.avito.ru/moskva/tovary_dlya_detey_i_igrushki?cd=1/moskva/tovary_dlya_detey_i_igrushki/ptitsa_straus_sidyachiy_pape_mashe_1724602602
  Автокресло 0-18  ;1000₽;https://www.avito.ru/moskva/tovary_dlya_detey_i_igrushki?cd=1/moskva/tovary_dlya_detey_i_igrushki/avtokreslo_0-18_1773360486
  Каша Агуша (обмен)  ;1000₽;https://www.avito.ru/moskva/tovary_dlya_detey_i_igrushki?cd=1/moskva/tovary_dlya_detey_i_igrushki/kasha_agusha_obmen_1831945534
  Пюре агуша тыква  ;1000₽;https://www.avito.ru/moskva/tovary_dlya_detey_i_igrushki?cd=1/moskva/tovary_dlya_detey_i_igrushki/pyure_agusha_tykva_1828873445
  Шезлонг, Кокон Red Castle  ;2300₽;https://www.avito.ru/moskva/tovary_dlya_detey_i_igrushki?cd=1/moskva/tovary_dlya_detey_i_igrushki/shezlong_kokon_red_castle_1780282947
  Коляска детская  ;2000₽;https://www.avito.ru/moskva/tovary_dlya_detey_i_igrushki?cd=1/moskva/tovary_dlya_detey_i_igrushki/kolyaska_detskaya_1786570206
  Молочная смесь  ;500₽;https://www.avito.ru/moskva/tovary_dlya_detey_i_igrushki?cd=1/moskva/tovary_dlya_detey_i_igrushki/molochnaya_smes_1842052275
